company,code
affordable medical supplies,139
armor bank,23
baltz feed company ,5
bank of cave city,7
bank of mccrory,82
bank of salem,126
cache river valley seed,10
central bank,168
century finance,169
"children's homes, inc",12
citizens bank,158
city youth ministries,123
cme inc,181
concordia christian academy,96
craighead county,155
craighead county sherrif's office,156
d and l incorporated,16
darling store fixtures,109
davidson drug,194
denver's refrigeration,103
dermatology office,94
dudley bowden cpa,172
e & rrr produce,163
east arkansas area agency on aging,143
edgar electric inc,186
eldridge supply company,66
engines inc,141
epmh,146
era doty real estate,38
fannin bank,95
farmer enterprises inc,177
farmers bank and trust,18
first baptist church jonesboro,115
first church,190
first missouri state bank of cape county ,20
first national bank of izard county,133
first national bank of lawrence county,22
first state bank and trust,83
five rivers medical center,88
fm bank,122
first missouri state bank of poplar bluff,130
gammel's clinic pharmacy,171
gateway bank,148
greenlab,178
ground crew,106
halsey thrasher harpole,44
hammerhead contracting and development,157
hawthorn river,176
hc3,166
healthy connections,184
hilltop eye care,162
icare rx,170
jester law firm,104
johnston and mccoy,34
jonesboro regional chamber of commerce,110
jonesboro roofing company,118
kalmer solutions,1
kion pediatric clinic,151
lawrence and lawrence,164
laws flooring and ruge,161
loggins logistics,47
may security systems,165
mc express,105
mcdaniel alw firm,188
md thompson and sons,48
meadows contractors,175
medic one,84
mid south steel,135
mid river terminal,112
mor media incorporated,182
nathan's installs,134
orthopedic and spine surgery center,150
peoples bank,26
piggott state bank,27
precision digital printing,149
pregnancy resource center,120
Premiere tans,36
prestige tax advisors,191
professional titel services,113
r and g masonry,160
red wolves foundation,132
riverwind bank,6
row and row smile studio,136
sage meadows,89
saints avenue bank,125
sarc travis d. richardson,187
schuber mitchell homes,193
scurlock industries,42
security bank,28
senath state bank,114
service abstract,144
shinabery's compounding pharmacy,179
skin dermatology,185
snider performance spine,167
southeast missouri title company,180
stone bank,117
sunbelt finance,59
tec electric,147
tier inv,90
town and country bank,85
trumann mayor's office,174
union bankshares,152
united way of nea,183
visionary eye care,116
welch couch and company cpa,189
widner penter cpa,40
windmill rice,41
